id;name;university;faculty;exam
1.2.246.562.20.00000000000000056120;Energia- ja konetekniikka, tekniikan kandidaatti ja diplomi-insinööri (3 v + 2 v) - DIA-yhteisvalinta;Aalto-yliopisto;Insinööritieteiden korkeakoulu;A
1.2.246.562.20.00000000000000056121;Kestävät yhdyskunnat, tekniikan kandidaatti ja diplomi-insinööri (3 v + 2 v) - DIA-yhteisvalinta;Aalto-yliopisto;Insinööritieteiden korkeakoulu;A
1.2.246.562.20.00000000000000056123;Kiinteistötalous ja geoinformatiikka, tekniikan kandidaatti ja diplomi-insinööri (3 v + 2 v) - DIA-yhteisvalinta;Aalto-yliopisto;Insinööritieteiden korkeakoulu;A
1.2.246.562.20.00000000000000056124;Rakennustekniikka, tekniikan kandidaatti ja diplomi-insinööri (3 v + 2 v) - DIA-yhteisvalinta;Aalto-yliopisto;Insinööritieteiden korkeakoulu;A
1.2.246.562.20.00000000000000056112;Kemian tekniikka, tekniikan kandidaatti ja diplomi-insinööri (3 v + 2 v) - DIA-yhteisvalinta;Aalto-yliopisto;Kemian tekniikan korkeakoulu;A
1.2.246.562.20.00000000000000056125;Informaatioverkostot, tekniikan kandidaatti ja diplomi-insinööri (3 v + 2 v) ;Aalto-yliopisto;Perustieteiden korkeakoulu;A
1.2.246.562.20.00000000000000056126;Teknillinen fysiikka ja matematiikka, tekniikan kandidaatti ja diplomi-insinööri (3 v + 2 v) - DIA-yhteisvalinta;Aalto-yliopisto;Perustieteiden korkeakoulu;A
1.2.246.562.20.00000000000000056128;Teknillinen psykologia, tekniikan kandidaatti ja diplomi-insinööri (3 v + 2 v) - DIA-yhteisvalinta;Aalto-yliopisto;Perustieteiden korkeakoulu;A
1.2.246.562.20.00000000000000056129;Tietotekniikka, tekniikan kandidaatti ja diplomi-insinööri (3 v + 2 v) - DIA-yhteisvalinta;Aalto-yliopisto;Perustieteiden korkeakoulu;A
1.2.246.562.20.00000000000000056131;Tuotantotalous, tekniikan kandidaatti ja diplomi-insinööri (3 v + 2 v) - DIA-yhteisvalinta;Aalto-yliopisto;Perustieteiden korkeakoulu;A
1.2.246.562.20.00000000000000056113;Automaatio ja robotiikka, tekniikan kandidaatti ja diplomi-insinööri (3 v + 2 v) - DIA-yhteisvalinta;Aalto-yliopisto;Sähkötekniikan korkeakoulu;A
1.2.246.562.20.00000000000000056114;Bioinformaatioteknologia, tekniikan kandidaatti ja diplomi-insinööri (3 v + 2 v) - DIA-yhteisvalinta;Aalto-yliopisto;Sähkötekniikan korkeakoulu;A
1.2.246.562.20.00000000000000056118;Elektroniikka ja sähköfysiikka, tekniikan kandidaatti ja diplomi-insinööri (3 v + 2 v) - DIA-yhteisvalinta;Aalto-yliopisto;Sähkötekniikan korkeakoulu;A
1.2.246.562.20.00000000000000056116;Informaatioteknologia, tekniikan kandidaatti ja diplomi-insinööri (3 v + 2 v) - DIA-yhteisvalinta;Aalto-yliopisto;Sähkötekniikan korkeakoulu;A
1.2.246.562.20.00000000000000056119;Sähköenergiatekniikka, tekniikan kandidaatti ja diplomi-insinööri (3 v + 2 v) - DIA-yhteisvalinta;Aalto-yliopisto;Sähkötekniikan korkeakoulu;A
1.2.246.562.20.00000000000000056420;Fysikaalisten tieteiden kandiohjelma, luonnontieteiden kandidaatti ja filosofian maisteri (3 v + 2 v);Helsingin yliopisto;Matemaattis-luonnontieteellinen tiedekunta;A
1.2.246.562.20.00000000000000056422;Kemian kandiohjelma, luonnontieteiden kandidaatti ja filosofian maisteri (3 v + 2 v);Helsingin yliopisto;Matemaattis-luonnontieteellinen tiedekunta;A
1.2.246.562.20.00000000000000056423;Matemaattisten tieteiden kandiohjelma, luonnontieteiden kandidaatti ja filosofian maisteri (3 v + 2 v);Helsingin yliopisto;Matemaattis-luonnontieteellinen tiedekunta;A
1.2.246.562.20.00000000000000056426;Matematiikan, fysiikan ja kemian opettajan kandiohjelma, luonnontieteiden kandidaatti ja filosofian maisteri (3 v + 2 v);Helsingin yliopisto;Matemaattis-luonnontieteellinen tiedekunta;A
1.2.246.562.20.00000000000000056427;Tietojenkäsittelytieteen kandiohjelma, luonnontieteiden kandidaatti ja filosofian maisteri (3 v + 2 v);Helsingin yliopisto;Matemaattis-luonnontieteellinen tiedekunta;A
1.2.246.562.20.00000000000000062830;Aineenopettaja ja luokanopettaja, matematiikka, fysiikka tai kemia, Joensuu, luonnontieteiden kandidaatti ja filosofian maisteri (3 v + 2 v);Itä-Suomen yliopisto;Luonnontieteiden;A
1.2.246.562.20.00000000000000062832;Aineenopettaja, matematiikka, fysiikka, kemia tai tietojenkäsittelytiede, Joensuu, luonnontieteiden kandidaatti ja filosofian maisteri (3 v + 2 v);Itä-Suomen yliopisto;Luonnontieteiden;A
1.2.246.562.20.00000000000000062537;Fotoniikka, Joensuu, tekniikan kandidaatti ja diplomi-insinööri (3 v + 2 v), DIA-yhteisvalinta;Itä-Suomen yliopisto;Luonnontieteiden;A
1.2.246.562.20.00000000000000062819;Kemia, Joensuu, luonnontieteiden kandidaatti ja filosofian maisteri (3 v + 2 v);Itä-Suomen yliopisto;Luonnontieteiden;A
1.2.246.562.20.00000000000000062543;Kestävät teknologiat, Joensuu, tekniikan kandidaatti ja diplomi-insinööri (3 v + 2 v), DIA-yhteisvalinta;Itä-Suomen yliopisto;Luonnontieteiden;A
1.2.246.562.20.00000000000000062824;Matematiikka, Joensuu, luonnontieteiden kandidaatti ja filosofian maisteri (3 v + 2 v);Itä-Suomen yliopisto;Luonnontieteiden;A
1.2.246.562.20.00000000000000062808;Tietojenkäsittelytiede, Joensuu, luonnontieteiden kandidaatti ja filosofian maisteri (3 v + 2 v);Itä-Suomen yliopisto;Luonnontieteiden;A
1.2.246.562.20.00000000000000062546;Teknillinen fysiikka, Kuopio, tekniikan kandidaatti ja diplomi-insinööri (3 v + 2 v), DIA-yhteisvalinta;Itä-Suomen yliopisto;Luonnontieteiden;A
1.2.246.562.20.00000000000000062814;Tietojenkäsittelytiede, Kuopio, luonnontieteiden kandidaatti ja filosofian maisteri (3 v + 2 v);Itä-Suomen yliopisto;Luonnontieteiden;A
1.2.246.562.20.00000000000000064232;Teknologiajohtaminen, tekniikan kandidaatti ja diplomi-insinööri (3 v + 2 v), DIA-yhteisvalinta;Jyväskylän yliopisto;Informaatioteknologian tiedekunta;A
1.2.246.562.20.00000000000000064229;Tieto- ja ohjelmistotekniikka, tekniikan kandidaatti ja diplomi-insinööri (3 v + 2 v), DIA-yhteisvalinta;Jyväskylän yliopisto;Informaatioteknologian tiedekunta;A
1.2.246.562.20.00000000000000063992;Tietojenkäsittelytieteen kandidaatti- ja maisteriohjelma, luonnontieteiden kandidaatti ja filosofian maisteri (3 v + 2 v);Jyväskylän yliopisto;Informaatioteknologian tiedekunta;A
1.2.246.562.20.00000000000000063585;Fysiikan aineenopettajan kandidaatti - ja maisteriohjelma, luonnontieteiden kandidaatti ja filosofian maisteri (3 + 2 v);Jyväskylän yliopisto;Matemaattis-luonnontieteellinen tiedekunta;A
1.2.246.562.20.00000000000000063600;Fysiikan kandidaatti- ja maisteriohjelma, luonnontieteiden kandidaatti ja filosofian maisteri (3 v + 2 v);Jyväskylän yliopisto;Matemaattis-luonnontieteellinen tiedekunta;A
1.2.246.562.20.00000000000000063601;Kemian tai kemian aineenopettajan kandidaatti- ja maisteriohjelma, luonnontieteiden kandidaatti ja filosofian maisteri (3 v + 2 v);Jyväskylän yliopisto;Matemaattis-luonnontieteellinen tiedekunta;A
1.2.246.562.20.00000000000000063603;Matematiikan aineenopettajan kandidaatti- ja maisteriohjelma, luonnontieteiden kandidaatti ja filosofian maisteri (3 v + 2 v);Jyväskylän yliopisto;Matemaattis-luonnontieteellinen tiedekunta;A
1.2.246.562.20.00000000000000063605;Matematiikan kandidaatti- ja maisteriohjelma, luonnontieteiden kandidaatti ja filosofian maisteri (3 v + 2 v);Jyväskylän yliopisto;Matemaattis-luonnontieteellinen tiedekunta;A
1.2.246.562.20.00000000000000063609;Nanotieteen monialainen kandidaatti- ja maisteriohjelma, luonnontieteiden kandidaatti ja filosofian maisteri (3 v + 2 v);Jyväskylän yliopisto;Matemaattis-luonnontieteellinen tiedekunta;A
1.2.246.562.20.00000000000000063611;Tilastotieteen ja datatieteen kandidaatti- ja maisteriohjelma, luonnontieteiden kandidaatti ja filosofian maisteri (3 v + 2 v);Jyväskylän yliopisto;Matemaattis-luonnontieteellinen tiedekunta;A
1.2.246.562.20.00000000000000058971;Energiatekniikka, tekniikan kandidaatti ja diplomi-insinööri (3 v + 2 v) - DIA-yhteisvalinta;Lappeenrannan-Lahden teknillinen yliopisto LUT;LUT-yliopisto;A
1.2.246.562.20.00000000000000058974;Kemiantekniikka, tekniikan kandidaatti ja diplomi-insinööri (3 v + 2 v) - DIA-yhteisvalinta;Lappeenrannan-Lahden teknillinen yliopisto LUT;LUT-yliopisto;A
1.2.246.562.20.00000000000000058977;Konetekniikka, tekniikan kandidaatti ja diplomi-insinööri (3 v + 2 v) - DIA-yhteisvalinta;Lappeenrannan-Lahden teknillinen yliopisto LUT;LUT-yliopisto;A
1.2.246.562.20.00000000000000058978;Laskennallinen tiede ja tekoäly, tekniikan kandidaatti ja diplomi-insinööri (3 v + 2 v) - DIA-yhteisvalinta;Lappeenrannan-Lahden teknillinen yliopisto LUT;LUT-yliopisto;A
1.2.246.562.20.00000000000000058979;Sähkötekniikka, tekniikan kandidaatti ja diplomi-insinööri (3 v + 2 v) - DIA-yhteisvalinta;Lappeenrannan-Lahden teknillinen yliopisto LUT;LUT-yliopisto;A
1.2.246.562.20.00000000000000058981;Tietotekniikka, tekniikan kandidaatti ja diplomi-insinööri (3 v + 2 v) - DIA-yhteisvalinta;Lappeenrannan-Lahden teknillinen yliopisto LUT;LUT-yliopisto;A
1.2.246.562.20.00000000000000058982;Tuotantotalous, tekniikan kandidaatti ja diplomi-insinööri (3 v + 2 v) - DIA-yhteisvalinta;Lappeenrannan-Lahden teknillinen yliopisto LUT;LUT-yliopisto;A
1.2.246.562.20.00000000000000058984;Ympäristötekniikka, tekniikan kandidaatti ja diplomi-insinööri  (3 v + 2 v) - DIA-yhteisvalinta;Lappeenrannan-Lahden teknillinen yliopisto LUT;LUT-yliopisto;A
1.2.246.562.20.00000000000000055931;Fysiikka, Fysikaalisten tieteiden tutkinto-ohjelma, luonnontieteiden kandidaatti ja filosofian maisteri (3v+2v);Oulun yliopisto;Luonnontieteellinen tiedekunta;A
1.2.246.562.20.00000000000000055936;Matematiikka ja datatiede, Matemaattisten tieteiden tutkinto-ohjelma, luonnontieteiden kandidaatti ja filosofian maisteri (3 v + 2 v);Oulun yliopisto;Luonnontieteellinen tiedekunta;A
1.2.246.562.20.00000000000000064775;Kemia, Kemian tutkinto-ohjelma, luonnontieteiden kandidaatti ja filosofian maisteri (3v + 2v);Oulun yliopisto;Teknillinen tiedekunta;A
1.2.246.562.20.00000000000000055961;Konetekniikka, Konetekniikan tutkinto-ohjelma, tekniikan kandidaatti ja diplomi-insinööri (3 v + 2 v), DIA-yhteisvalinta;Oulun yliopisto;Teknillinen tiedekunta;A
1.2.246.562.20.00000000000000055962;Prosessitekniikka, Prosessitekniikan tutkinto-ohjelma, tekniikan kandidaatti ja diplomi-insinööri (3 v + 2 v), DIA-yhteisvalinta;Oulun yliopisto;Teknillinen tiedekunta;A
1.2.246.562.20.00000000000000055964;Rakennus- ja yhdyskuntatekniikka, Rakennus- ja yhdyskuntatekniikan tutkinto-ohjelma, tekniikan kandidaatti ja diplomi-insinööri (3 v + 2 v), DIA-yhteisvalinta;Oulun yliopisto;Teknillinen tiedekunta;A
1.2.246.562.20.00000000000000055965;Tuotantotalous, Tuotantotalouden tutkinto-ohjelma, tekniikan kandidaatti ja diplomi-insinööri (3v+2v), DIA-yhteisvalinta;Oulun yliopisto;Teknillinen tiedekunta;A
1.2.246.562.20.00000000000000055967;Ympäristötekniikka, Ympäristötekniikan tutkinto-ohjelma, tekniikan kandidaatti ja diplomi-insinööri (3 v + 2 v), DIA-yhteisvalinta;Oulun yliopisto;Teknillinen tiedekunta;A
1.2.246.562.20.00000000000000055950;Elektroniikan ja tietoliikennetekniikan tutkinto-ohjelma, tekniikan kandidaatti ja diplomi-insinööri (3v + 2v), DIA-yhteisvalinta;Oulun yliopisto;Tieto- ja sähkötekniikan tiedekunta;A
1.2.246.562.20.00000000000000055993;Lääketieteen tekniikka, Lääketieteen tekniikan tutkinto-ohjelma, tekniikan kandidaatti ja diplomi-insinööri (3 v + 2 v), DIA-yhteisvalinta;Oulun yliopisto;Tieto- ja sähkötekniikan tiedekunta;A
1.2.246.562.20.00000000000000055994;Tietojenkäsittelytiede, Tietojenkäsittelytieteiden tutkinto-ohjelma, luonnontieteiden kandidaatti ja filosofian maisteri (3 v + 2 v);Oulun yliopisto;Tieto- ja sähkötekniikan tiedekunta;A
1.2.246.562.20.00000000000000055995;Tietotekniikka, Tietotekniikan tutkinto-ohjelma, tekniikan kandidaatti ja diplomi-insinööri (3 v + 2 v), DIA-yhteisvalinta;Oulun yliopisto;Tieto- ja sähkötekniikan tiedekunta;A
1.2.246.562.20.00000000000000063476;Energiamurroksen koulutus, Tekniikan kandidaatti ja diplomi-insinööri (3 v + 2 v) - DIA-yhteisvalinta;Tampereen yliopisto;Informaatioteknologian ja viestinnän tiedekunta;A
1.2.246.562.20.00000000000000063274;Matematiikan ja tilastollisen data-analyysin koulutus, Luonnontieteiden kandidaatti ja filosofian maisteri (3 v + 2 v);Tampereen yliopisto;Informaatioteknologian ja viestinnän tiedekunta;A
1.2.246.562.20.00000000000000063477;Sähkötekniikka, Tieto- ja sähkötekniikan koulutus, Tekniikan kandidaatti ja diplomi-insinööri (3 v + 2 v) - DIA-yhteisvalinta;Tampereen yliopisto;Informaatioteknologian ja viestinnän tiedekunta;A
1.2.246.562.20.00000000000000063280;Tietojenkäsittelytieteiden koulutus, Luonnontieteiden kandidaatti ja filosofian maisteri (3 v + 2 v);Tampereen yliopisto;Informaatioteknologian ja viestinnän tiedekunta;A
1.2.246.562.20.00000000000000063478;Tietotekniikka, Tieto- ja sähkötekniikan koulutus, Tekniikan kandidaatti ja diplomi-insinööri (3 v + 2 v) - DIA-yhteisvalinta;Tampereen yliopisto;Informaatioteknologian ja viestinnän tiedekunta;A
1.2.246.562.20.00000000000000063521;Tietojohtaminen, Teknis-taloudellinen koulutus, Tekniikan kandidaatti ja diplomi-insinööri (3 v + 2 v) - DIA-yhteisvalinta;Tampereen yliopisto;Johtamisen ja talouden tiedekunta;A
1.2.246.562.20.00000000000000063522;Tuotantotalous, Teknis-taloudellinen koulutus, Tekniikan kandidaatti ja diplomi-insinööri (3 v + 2 v) - DIA-yhteisvalinta;Tampereen yliopisto;Johtamisen ja talouden tiedekunta;A
1.2.246.562.20.00000000000000063524;Bioteknologian ja biolääketieteen tekniikan koulutus, Tekniikan kandidaatti ja diplomi-insinööri (3 v + 2 v) - DIA-yhteisvalinta;Tampereen yliopisto;Lääketieteen ja terveysteknologian tiedekunta;A
1.2.246.562.20.00000000000000063318;Rakennustekniikan koulutus, Tekniikan kandidaatti ja diplomi-insinööri (3 v + 2 v) - DIA-yhteisvalinta;Tampereen yliopisto;Rakennetun ympäristön tiedekunta;A
1.2.246.562.20.00000000000000063465;Automaatiotekniikka, Teknisten tieteiden koulutus, Tekniikan kandidaatti ja diplomi-insinööri (3 v + 2 v) - DIA-yhteisvalinta;Tampereen yliopisto;Tekniikan ja luonnontieteiden tiedekunta;A
1.2.246.562.20.00000000000000063468;Konetekniikka, Teknisten tieteiden koulutus, Tekniikan kandidaatti ja diplomi-insinööri (3 v + 2 v) - DIA-yhteisvalinta;Tampereen yliopisto;Tekniikan ja luonnontieteiden tiedekunta;A
1.2.246.562.20.00000000000000063469;Matemaattisten aineiden DI-opettajankoulutus, Tekniikan ja luonnontieteiden koulutus, Tekniikan kandidaatti ja diplomi-insinööri (3 v + 2 v) - DIA-yhteisvalinta;Tampereen yliopisto;Tekniikan ja luonnontieteiden tiedekunta;A
1.2.246.562.20.00000000000000063470;Materiaalitekniikka, Teknisten tieteiden koulutus, Tekniikan kandidaatti ja diplomi-insinööri (3 v + 2 v) - DIA-yhteisvalinta;Tampereen yliopisto;Tekniikan ja luonnontieteiden tiedekunta;A
1.2.246.562.20.00000000000000063471;Robotiikan koulutus, Tekniikan kandidaatti ja diplomi-insinööri (3 v + 2 v) - DIA-yhteisvalinta;Tampereen yliopisto;Tekniikan ja luonnontieteiden tiedekunta;A
1.2.246.562.20.00000000000000063472;Teknis-luonnontieteellinen, Tekniikan ja luonnontieteiden koulutus, Tekniikan kandidaatti ja diplomi-insinööri (3 v + 2 v) - DIA-yhteisvalinta;Tampereen yliopisto;Tekniikan ja luonnontieteiden tiedekunta;A
1.2.246.562.20.00000000000000063473;Ympäristö-, energia- ja biotekniikka, Tekniikan ja luonnontieteiden koulutus, Tekniikan kandidaatti ja diplomi-insinööri (3 v + 2 v) - DIA-yhteisvalinta;Tampereen yliopisto;Tekniikan ja luonnontieteiden tiedekunta;A
1.2.246.562.20.00000000000000056852;Fysikaaliset tieteet, luonnontieteiden kandidaatti ja filosofian maisteri (3 v + 2 v);Turun yliopisto;Matemaattis-luonnontieteellinen tiedekunta;A
1.2.246.562.20.00000000000000056854;Kemia, luonnontieteiden kandidaatti ja filosofian maisteri (3 v + 2 v);Turun yliopisto;Matemaattis-luonnontieteellinen tiedekunta;A
1.2.246.562.20.00000000000000056856;Matematiikan, fysiikan tai kemian aineenopettaja ja luokanopettaja, luonnontieteiden kandidaatti ja filosofian maisteri (3v +2v);Turun yliopisto;Matemaattis-luonnontieteellinen tiedekunta;A
1.2.246.562.20.00000000000000056863;Matematiikka ja tilastotiede, luonnontieteiden kandidaatti ja filosofian maisteri (3 v + 2 v);Turun yliopisto;Matemaattis-luonnontieteellinen tiedekunta;A
1.2.246.562.20.00000000000000056865;Automaatiotekniikka, tekniikan kandidaatti ja diplomi-insinööri (3 v + 2 v), DIA-yhteisvalinta;Turun yliopisto;Teknillinen tiedekunta;A
1.2.246.562.20.00000000000000056868;Biotekniikka, tekniikan kandidaatti ja diplomi-insinööri (3 v + 2 v), DIA-yhteisvalinta;Turun yliopisto;Teknillinen tiedekunta;A
1.2.246.562.20.00000000000000056866;Elintarviketekniikka,  tekniikan kandidaatti ja diplomi-insinööri (3 v + 2 v) DIA-yhteisvalinta;Turun yliopisto;Teknillinen tiedekunta;A
1.2.246.562.20.00000000000000056869;Konetekniikka, tekniikan kandidaatti ja diplomi-insinööri (3 v + 2 v), DIA-yhteisvalinta;Turun yliopisto;Teknillinen tiedekunta;A
1.2.246.562.20.00000000000000056870;Lääketieteellinen tekniikka ja terveysteknologia, tekniikan kandidaatti ja diplomi-insinööri (3v + 2v), DIA-yhteisvalinta;Turun yliopisto;Teknillinen tiedekunta;A
1.2.246.562.20.00000000000000056871;Materiaalitekniikka, tekniikan kandidaatti ja diplomi-insinööri (3 v + 2 v), DIA-yhteisvalinta;Turun yliopisto;Teknillinen tiedekunta;A
1.2.246.562.20.00000000000000056874;Tietojenkäsittelytiede, luonnontieteiden kandidaatti ja filosofian maisteri (3 v + 2 v);Turun yliopisto;Teknillinen tiedekunta;A
1.2.246.562.20.00000000000000056872;Tietotekniikka, tekniikan kandidaatti ja diplomi-insinööri (3 v + 2 v), DIA-yhteisvalinta;Turun yliopisto;Teknillinen tiedekunta;A
1.2.246.562.20.00000000000000056873;Tuotantotalous, tekniikan kandidaatti ja diplomi-insinööri (3 v + 2 v), DIA-yhteisvalinta;Turun yliopisto;Teknillinen tiedekunta;A
1.2.246.562.20.00000000000000064173;Automaatio ja tietotekniikka, tekniikan kandidaatti ja diplomi-insinööri (3 v + 2 v) - DIA-yhteisvalinta 2025;Vaasan yliopisto;Tekniikan ja innovaatiojohtamisen yksikkö;A
1.2.246.562.20.00000000000000064190;Data-arkkitehtuuri, tekniikan kandidaatti ja diplomi-insinööri (3 v + 2 v) - DIA-yhteisvalinta 2025;Vaasan yliopisto;Tekniikan ja innovaatiojohtamisen yksikkö;A
1.2.246.562.20.00000000000000064201;Sähkö- ja energiatekniikka, tekniikan kandidaatti ja diplomi-insinööri (3 v + 2 v) - DIA-yhteisvalinta 2025;Vaasan yliopisto;Tekniikan ja innovaatiojohtamisen yksikkö;A
1.2.246.562.20.00000000000000064203;Tuotantotalous, tekniikan kandidaatti ja diplomi-insinööri (3 v + 2 v) - DIA-yhteisvalinta 2025;Vaasan yliopisto;Tekniikan ja innovaatiojohtamisen yksikkö;A
1.2.246.562.20.00000000000000056170;Datateknik, utbildningsprogrammet i informationsteknologi, teknologie kandidat och diplomingenjör, (3+2 år) - DIA gemensam antagning;Åbo Akademi;Fakulteten för naturvetenskaper och teknik;A
1.2.246.562.20.00000000000000056171;Datavetenskap, utbildningsprogrammet i informationsteknologi, kandidat i naturvetenskaper och filosofie magister (3+2 år);Åbo Akademi;Fakulteten för naturvetenskaper och teknik;A
1.2.246.562.20.00000000000000056172;Fysik, Kemi, Matematik, utbildningsprogrammet i naturvetenskaper, kandidat i naturvetenskaper och filosofie magister (3+2 år);Åbo Akademi;Fakulteten för naturvetenskaper och teknik;A
1.2.246.562.20.00000000000000056176;Utbildningsprogrammet i kemi- och processteknik, teknologie kandidat och diplomingenjör (3+2 år), DIA gemensam antagning;Åbo Akademi;Fakulteten för naturvetenskaper och teknik;A
1.2.246.562.20.00000000000000056370;Molekyylibiotieteiden kandiohjelma, luonnontieteiden kandidaatti ja filosofian maisteri (3 v + 2 v);Helsingin yliopisto;Bio- ja ympäristötieteellinen tiedekunta;B
1.2.246.562.20.00000000000000056374;Eläinlääketieteen kandiohjelma, eläinlääketieteen kandidaatti ja lisensiaatti (3 v + 3 v);Helsingin yliopisto;Eläinlääketieteellinen tiedekunta;B
1.2.246.562.20.00000000000000056375;Farmaseutin koulutusohjelma, farmaseutti (3 v);Helsingin yliopisto;Farmasian tiedekunta;B
1.2.246.562.20.00000000000000054978;Pf-koulutus, proviisorin koulutusohjelma, proviisori (2 v);Helsingin yliopisto;Farmasian tiedekunta;B
1.2.246.562.20.00000000000000056376;Proviisorin koulutusohjelma, farmaseutti ja proviisori (3 v + 2 v);Helsingin yliopisto;Farmasian tiedekunta;B
1.2.246.562.20.00000000000000058219;Hammaslääketiede (opetus suomeksi), lääketieteen ja hammaslääketieteen kandiohjelma, hammaslääketieteen kandidaatti ja lisensiaatti (3 v + 2,5 v);Helsingin yliopisto;Lääketieteellinen tiedekunta;B
1.2.246.562.20.00000000000000058217;Lääketiede (opetus suomeksi), lääketieteen ja hammaslääketieteen kandiohjelma, lääketieteen kandidaatti ja lisensiaatti (3 v + 3 v);Helsingin yliopisto;Lääketieteellinen tiedekunta;B
1.2.246.562.20.00000000000000058218;Medicin (undervisning på svenska), kandidatprogrammet i medicin och odontologi, medicine kandidat och licentiat (3 år + 3 år);Helsingin yliopisto;Lääketieteellinen tiedekunta;B
1.2.246.562.20.00000000000000062432;Biolääketiede, Kuopio, luonnontieteiden kandidaatti ja filosofian maisteri (3 v + 2 v);Itä-Suomen yliopisto;Terveystieteiden tiedekunta;B
1.2.246.562.20.00000000000000062402;Farmaseutin koulutusohjelma, Kuopio, farmaseutti (3 v);Itä-Suomen yliopisto;Terveystieteiden tiedekunta;B
1.2.246.562.20.00000000000000062487;Hammaslääketiede, Kuopio, hammaslääketieteen kandidaatti ja lisensiaatti (3 v + 2,5 v);Itä-Suomen yliopisto;Terveystieteiden tiedekunta;B
1.2.246.562.20.00000000000000062490;Lääketiede, Kuopio, lääketieteen kandidaatti ja lisensiaatti (3 v + 3 v);Itä-Suomen yliopisto;Terveystieteiden tiedekunta;B
1.2.246.562.20.00000000000000062411;Maisterihaku, Proviisorin koulutusohjelma, Kuopio, proviisori (2 v);Itä-Suomen yliopisto;Terveystieteiden tiedekunta;B
1.2.246.562.20.00000000000000062407;Proviisorin koulutusohjelma, Kuopio, farmaseutti ja proviisori (3 v + 2 v);Itä-Suomen yliopisto;Terveystieteiden tiedekunta;B
1.2.246.562.20.00000000000000062414;Ravitsemustiede, Kuopio, terveystieteiden kandidaatti ja maisteri (3 v + 2 v);Itä-Suomen yliopisto;Terveystieteiden tiedekunta;B
1.2.246.562.20.00000000000000055929;Biokemia, Biokemian tutkinto-ohjelma, luonnontieteiden kandidaatti ja filosofian maisteri (3 v + 2 v);Oulun yliopisto;Biokemian ja molekyylilääketieteen tiedekunta;B
1.2.246.562.20.00000000000000057269;Hammaslääketiede, Hammaslääketieteen tutkinto-ohjelma, hammaslääketieteen kandidaatti ja lisensiaatti (3 v + 2,5 v);Oulun yliopisto;Lääketieteellinen tiedekunta;B
1.2.246.562.20.00000000000000057268;Lääketiede, Lääketieteen tutkinto-ohjelma, lääketieteen kandidaatti ja lisensiaatti (3 v + 3 v);Oulun yliopisto;Lääketieteellinen tiedekunta;B
1.2.246.562.20.00000000000000063500;Bioteknologian ja biolääketieteen tekniikan koulutus, Luonnontieteiden kandidaatti ja filosofian maisteri (3 v + 2 v);Tampereen yliopisto;Lääketieteen ja terveysteknologian tiedekunta;B
1.2.246.562.20.00000000000000062871;Lääketieteen koulutus, Lääketieteen kandidaatti ja lääketieteen lisensiaatti (3 v + 3 v);Tampereen yliopisto;Lääketieteen ja terveysteknologian tiedekunta;B
1.2.246.562.20.00000000000000056849;Biolääketieteen ja lääkekehityksen tutkinto-ohjelma, luonnontieteiden kandidaatti ja filosofian maisteri (3 v + 2 v);Turun yliopisto;Lääketieteellinen tiedekunta;B
1.2.246.562.20.00000000000000057242;Hammaslääketieteen tutkinto-ohjelma, hammaslääketieteen kandidaatti ja lisensiaatti (3 v + 2,5 v);Turun yliopisto;Lääketieteellinen tiedekunta;B
1.2.246.562.20.00000000000000057241;Lääketieteen tutkinto-ohjelma, lääketieteen kandidaatti ja lisensiaatti (3 v + 3 v);Turun yliopisto;Lääketieteellinen tiedekunta;B
1.2.246.562.20.00000000000000056867;Biokemia, luonnontieteiden kandidaatti ja filosofian maisteri (3 v + 2 v);Turun yliopisto;Teknillinen tiedekunta;B
1.2.246.562.20.00000000000000056169;Kandidatprogrammet i farmaci, farmaceut (3 år);Åbo Akademi;Fakulteten för naturvetenskaper och teknik;B
1.2.246.562.20.00000000000000056178;Magisterprogrammet i farmaci, provisor (2 år);Åbo Akademi;Fakulteten för naturvetenskaper och teknik;B
1.2.246.562.20.00000000000000056175;Utbildningsprogrammet i farmaci, farmaceut och provisor (3+2 år);Åbo Akademi;Fakulteten för naturvetenskaper och teknik;B
1.2.246.562.20.00000000000000056371;Biologian kandiohjelma (suomen kielen taitoisille hakijoille), luonnontieteiden kandidaatti ja filosofian maisteri (3 v + 2 v);Helsingin yliopisto;Bio- ja ympäristötieteellinen tiedekunta;C
1.2.246.562.20.00000000000000056372;Kandidatprogrammet i biologi (för sökande med kunskaper i svenska), kandidat i naturvetenskaper och filosofie magister (3 år + 2 år);Helsingin yliopisto;Bio- ja ympäristötieteellinen tiedekunta;C
1.2.246.562.20.00000000000000056373;Ympäristötieteiden kandiohjelma, luonnontieteiden kandidaatti ja filosofian maisteri (3 v + 2 v);Helsingin yliopisto;Bio- ja ympäristötieteellinen tiedekunta;C
1.2.246.562.20.00000000000000056414;Elintarviketieteiden kandiohjelma, elintarviketieteiden kandidaatti ja maisteri (3 v + 2 v);Helsingin yliopisto;Maatalous-metsätieteellinen tiedekunta;C
1.2.246.562.20.00000000000000056415;Maataloustieteiden kandiohjelma, maatalous- ja metsätieteiden kandidaatti ja maisteri (3 v + 2 v);Helsingin yliopisto;Maatalous-metsätieteellinen tiedekunta;C
1.2.246.562.20.00000000000000056416;Metsätieteiden kandiohjelma, maatalous- ja metsätieteiden kandidaatti ja maisteri (3 v + 2 v);Helsingin yliopisto;Maatalous-metsätieteellinen tiedekunta;C
1.2.246.562.20.00000000000000056421;Geotieteiden kandiohjelma, luonnontieteiden kandidaatti ja filosofian maisteri (3 v + 2 v);Helsingin yliopisto;Matemaattis-luonnontieteellinen tiedekunta;C
1.2.246.562.20.00000000000000056425;Maantieteen kandiohjelma, luonnontieteiden kandidaatti ja filosofian maisteri (3 v + 2 v);Helsingin yliopisto;Matemaattis-luonnontieteellinen tiedekunta;C
1.2.246.562.20.00000000000000062796;Metsätiede, Joensuu, maatalous- ja metsätieteiden kandidaatti ja maisteri (3 v + 2 v);Itä-Suomen yliopisto;Luonnontieteiden;C
1.2.246.562.20.00000000000000062800;Ympäristö- ja biotieteet (biologia), Joensuu, luonnontieteiden kandidaatti ja filosofian maisteri (3 v + 2 v);Itä-Suomen yliopisto;Luonnontieteiden;C
1.2.246.562.20.00000000000000062801;Ympäristö- ja biotieteet (ympäristötieteet), Kuopio, luonnontieteiden kandidaatti ja filosofian maisteri (3 v + 2 v);Itä-Suomen yliopisto;Luonnontieteiden;C
1.2.246.562.20.00000000000000062496;Maantiede ja ympäristöpolitiikka, Joensuu, luonnontieteiden kandidaatti ja filosofian maisteri tai yhteiskuntatieteiden kandidaatti ja maisteri (3 v + 2 v);Itä-Suomen yliopisto;Yhteiskuntatieteiden ja kauppatieteiden tiedekunta;C
1.2.246.562.20.00000000000000063581;Biologian kandidaatti- ja maisteriohjelma, luonnontieteiden kandidaatti ja filosofian maisteri (3 v + 2 v);Jyväskylän yliopisto;Matemaattis-luonnontieteellinen tiedekunta;C
1.2.246.562.20.00000000000000063612;Ympäristö- ja vesistötieteiden kandidaatti- ja maisteriohjelma, luonnontieteiden kandidaatti ja filosofian maisteri (3 v + 2 v);Jyväskylän yliopisto;Matemaattis-luonnontieteellinen tiedekunta;C
1.2.246.562.20.00000000000000055930;Biologia, Biologian tutkinto-ohjelma, luonnontieteiden kandidaatti ja filosofian maisteri (3v + 2v);Oulun yliopisto;Luonnontieteellinen tiedekunta;C
1.2.246.562.20.00000000000000055934;Maantiede, Maantieteen tutkinto-ohjelma, luonnontieteiden kandidaatti ja filosofian maisteri (3v + 2v);Oulun yliopisto;Luonnontieteellinen tiedekunta;C
1.2.246.562.20.00000000000000064771;Geotieteet, Geotieteiden tutkinto-ohjelma, luonnontieteiden kandidaatti ja filosofian maisteri (3 v + 2 v);Oulun yliopisto;Teknillinen tiedekunta;C
1.2.246.562.20.00000000000000054999;(väärä) Ympäristötiede, luonnontieteiden kandidaatti ja filosofian maisteri (3 + 2 v);Turun yliopisto;Matemaattis-luonnontieteellinen tiedekunta;C
1.2.246.562.20.00000000000000056851;Biologia,  luonnontieteiden kandidaatti ja filosofian maisteri (3 v + 2 v);Turun yliopisto;Matemaattis-luonnontieteellinen tiedekunta;C
1.2.246.562.20.00000000000000056853;Geologia, luonnontieteiden kandidaatti ja filosofian maisteri (3 v + 2 v);Turun yliopisto;Matemaattis-luonnontieteellinen tiedekunta;C
1.2.246.562.20.00000000000000056855;Maantiede, luonnontieteiden kandidaatti ja filosofian maisteri (3 v + 2 v);Turun yliopisto;Matemaattis-luonnontieteellinen tiedekunta;C
1.2.246.562.20.00000000000000064944;Ympäristötiede, luonnontieteiden kandidaatti ja filosofian maisteri (3 v + 2 v);Turun yliopisto;Matemaattis-luonnontieteellinen tiedekunta;C
1.2.246.562.20.00000000000000056173;Geologi, utbildningsprogrammet i naturvetenskaper, kandidat i naturvetenskaper och filosofie magister (3+2 år);Åbo Akademi;Fakulteten för naturvetenskaper och teknik;C
1.2.246.562.20.00000000000000056174;Utbildningsprogrammet i biovetenskaper, kandidat i naturvetenskaper och filosofie magister (3+2 år);Åbo Akademi;Fakulteten för naturvetenskaper och teknik;C
1.2.246.562.20.00000000000000056413;Logopedian kandiohjelma, humanististen tieteiden kandidaatti ja filosofian maisteri (3 v + 2 v);Helsingin yliopisto;Lääketieteellinen tiedekunta;D
1.2.246.562.20.00000000000000054983;Maisterihaku, psykologian maisteriohjelma, psykologian maisteri (2,5 v);Helsingin yliopisto;Lääketieteellinen tiedekunta;D
1.2.246.562.20.00000000000000054997;Maisterihaku, terveydenhuollon kehittämisen maisteriohjelma, terveystieteiden maisteri (2 v);Helsingin yliopisto;Lääketieteellinen tiedekunta;D
1.2.246.562.20.00000000000000056411;Psykologian kandiohjelma, psykologian kandidaatti ja psykologian tai filosofian maisteri (3 v + 2,5 / 2 v);Helsingin yliopisto;Lääketieteellinen tiedekunta;D
1.2.246.562.20.00000000000000056412;Soveltavan psykologian kandiohjelma, psykologian kandidaatti ja filosofian maisteri (3 v + 2 v);Helsingin yliopisto;Lääketieteellinen tiedekunta;D
1.2.246.562.20.00000000000000062218;Logopedia, Joensuu, humanististen tieteiden kandidaatti ja filosofian maisteri (3 v + 2 v);Itä-Suomen yliopisto;Filosofinen tiedekunta;D
1.2.246.562.20.00000000000000062399;Psykologia, Joensuu, psykologian kandidaatti ja maisteri (3 v + 2,5 v);Itä-Suomen yliopisto;Filosofinen tiedekunta;D
1.2.246.562.20.00000000000000062494;Ergonomia ja työhyvinvoinnin edistäminen, Kuopio, terveystieteiden kandidaatti ja maisteri (3 v + 2 v);Itä-Suomen yliopisto;Terveystieteiden tiedekunta;D
1.2.246.562.20.00000000000000062387;Hoitotiede, hoitotieteen maisteriohjelma, Kuopio, terveystieteiden maisteri (2 v);Itä-Suomen yliopisto;Terveystieteiden tiedekunta;D
1.2.246.562.20.00000000000000062500;Liikuntalääketiede ja terveysliikunta, Kuopio, terveystieteiden kandidaatti ja maisteri (3 v + 2 v);Itä-Suomen yliopisto;Terveystieteiden tiedekunta;D
1.2.246.562.20.00000000000000062504;Väestön terveyden edistäminen, Kuopio, terveystieteiden kandidaatti ja maisteri (3 v + 2 v);Itä-Suomen yliopisto;Terveystieteiden tiedekunta;D
1.2.246.562.20.00000000000000064809;Psykologian kandidaatti- ja maisteriohjelma, psykologian kandidaatti ja maisteri (3 v + 2,5 v);Jyväskylän yliopisto;Kasvatustieteiden ja psykologian tiedekunta;D
1.2.246.562.20.00000000000000062958;Liikuntabiologian kandidaatti- ja maisteriohjelma, liikuntatieteiden kandidaatti ja maisteri (3 v + 2 v);Jyväskylän yliopisto;Liikuntatieteellinen tiedekunta;D
1.2.246.562.20.00000000000000063248;Maisterihaku, fysioterapian maisteriohjelma, terveystieteiden maisteri (2 v);Jyväskylän yliopisto;Liikuntatieteellinen tiedekunta;D
1.2.246.562.20.00000000000000063269;Maisterihaku, gerontologian ja kansanterveyden maisteriohjelma, terveystieteiden maisteri (2 v);Jyväskylän yliopisto;Liikuntatieteellinen tiedekunta;D
1.2.246.562.20.00000000000000063282;Maisterihaku, liikuntalääketieteen maisteriohjelma, terveystieteiden maisteri (2 v);Jyväskylän yliopisto;Liikuntatieteellinen tiedekunta;D
1.2.246.562.20.00000000000000063504;Maisterihaku, terveyden edistämisen maisteriohjelma, terveystieteiden maisteri (2 v);Jyväskylän yliopisto;Liikuntatieteellinen tiedekunta;D
1.2.246.562.20.00000000000000063537;Terveystieteiden kandidaatti- ja maisteriohjelma, terveystieteiden kandidaatti ja maisteri (3 v + 2 v);Jyväskylän yliopisto;Liikuntatieteellinen tiedekunta;D
1.2.246.562.20.00000000000000063418;Valmennustieteen kandidaatti- ja maisteriohjelma, liikuntatieteiden kandidaatti ja maisteri (3 v + 2 v);Jyväskylän yliopisto;Liikuntatieteellinen tiedekunta;D
1.2.246.562.20.00000000000000056017;Logopedia, Logopedian tutkinto-ohjelma, humanististen tieteiden kandidaatti ja filosofian maisteri (3 v + 2 v);Oulun yliopisto;Humanistinen tiedekunta;D
1.2.246.562.20.00000000000000056004;Psykologia, psykologian tutkinto-ohjelma, psykologian kandidaatti ja maisteri (3v + 2,5v) / psykologian kandidaatti ja filosofian maisteri (3 v + 2 v);Oulun yliopisto;Kasvatustieteiden ja psykologian tiedekunta;D
1.2.246.562.20.00000000000000064424;Maisterihaku, Hoitotiede, Hoitotieteen maisteriohjelma, terveystieteiden maisteri (2 v);Oulun yliopisto;Lääketieteellinen tiedekunta;D
1.2.246.562.20.00000000000000055991;Maisterihaku, Terveyshallintotiede,Terveyshallintotieteen maisteriohjelma, terveystieteiden maisteri (2 v);Oulun yliopisto;Lääketieteellinen tiedekunta;D
1.2.246.562.20.00000000000000055989;Terveystieteet, terveystieteiden tutkinto-ohjelma, terveystieteiden kandidaatti ja maisteri (3v + 2v);Oulun yliopisto;Lääketieteellinen tiedekunta;D
1.2.246.562.20.00000000000000063284;Kansanterveystieteen koulutus, Terveystieteiden kandidaatti ja maisteri (3 v + 2 v);Tampereen yliopisto;Yhteiskuntatieteiden tiedekunta;D
1.2.246.562.20.00000000000000063525;Logopedian koulutus, Humanististen tieteiden kandidaatti ja filosofian maisteri (3 v + 2 v);Tampereen yliopisto;Yhteiskuntatieteiden tiedekunta;D
1.2.246.562.20.00000000000000063035;Maisterihaku, Kehittävä terveysjohtaminen, Hoitotieteen maisteriohjelma, Terveystieteiden maisteri (2 v);Tampereen yliopisto;Yhteiskuntatieteiden tiedekunta;D
1.2.246.562.20.00000000000000064554;Maisterihaku, Terveyspedagogiikka, Hoitotieteen maisteriohjelma, Terveystieteiden maisteri (2 v);Tampereen yliopisto;Yhteiskuntatieteiden tiedekunta;D
1.2.246.562.20.00000000000000063526;Psykologian koulutus, Psykologian kandidaatti ja maisteri (3 v + 2,5 v);Tampereen yliopisto;Yhteiskuntatieteiden tiedekunta;D
1.2.246.562.20.00000000000000057238;Maisterihaku, hoitotieteen tutkinto-ohjelma, terveystieteiden maisteri (2 v);Turun yliopisto;Lääketieteellinen tiedekunta;D
1.2.246.562.20.00000000000000056880;Logopedia, humanististen tieteiden kandidaatti ja filosofian maisteri (3 v + 2 v);Turun yliopisto;Yhteiskuntatieteellinen tiedekunta;D
1.2.246.562.20.00000000000000056881;Psykologia, psykologian kandidaatti ja psykologian maisteri (3 v + 2,5 v);Turun yliopisto;Yhteiskuntatieteellinen tiedekunta;D
1.2.246.562.20.00000000000000056143;Utbildningsprogrammet i logopedi, kandidat i humanistiska vetenskaper och filosofie magister (3+2 år);Åbo Akademi;Fakulteten för humaniora;D
1.2.246.562.20.00000000000000056144;Utbildningsprogrammet i psykologi, psykologie kandidat och magister (3+2,5 år);Åbo Akademi;Fakulteten för humaniora;D
1.2.246.562.20.00000000000000056196;Utbildningsprogrammet i hälsovetenskaper (Vasa), kandidat i hälsovetenskaper och magister i hälsovetenskaper (3+2 år);Åbo Akademi;Fakulteten för pedagogik och välfärdsstudier;D
1.2.246.562.20.00000000000000056403;Allmän och vuxenpedagogik (undervisning på svenska), pedagogie kandidat och magister (3 år + 2 år);Helsingin yliopisto;Kasvatustieteellinen tiedekunta;E
1.2.246.562.20.00000000000000056395;Erityispedagogiikka, kasvatustieteen kandidaatti ja maisteri (3 v + 2 v);Helsingin yliopisto;Kasvatustieteellinen tiedekunta;E
1.2.246.562.20.00000000000000056399;Klasslärare (undervisning på svenska), pedagogie kandidat och magister (3 år + 2 år);Helsingin yliopisto;Kasvatustieteellinen tiedekunta;E
1.2.246.562.20.00000000000000056396;Kotitalousopettaja, kasvatustieteen kandidaatti ja maisteri (3 v + 2 v);Helsingin yliopisto;Kasvatustieteellinen tiedekunta;E
1.2.246.562.20.00000000000000056397;Käsityönopettaja, kasvatustieteen kandidaatti ja maisteri (3 v + 2 v);Helsingin yliopisto;Kasvatustieteellinen tiedekunta;E
1.2.246.562.20.00000000000000056398;Luokanopettaja (opetus suomeksi), kasvatustieteen kandidaatti ja maisteri (3 v + 2 v);Helsingin yliopisto;Kasvatustieteellinen tiedekunta;E
1.2.246.562.20.00000000000000056401;Lärare inom småbarnspedagogik (undervisning på svenska), pedagogie kandidat (3 år);Helsingin yliopisto;Kasvatustieteellinen tiedekunta;E
1.2.246.562.20.00000000000000054959;Maisterihaku, varhaiskasvatus, kasvatustieteiden maisteriohjelma, kasvatustieteen maisteri (2 v);Helsingin yliopisto;Kasvatustieteellinen tiedekunta;E
1.2.246.562.20.00000000000000054960;Maisterihaku, yleinen ja aikuiskasvatustiede (opetus suomeksi), kasvatustieteiden maisteriohjelma, kasvatustieteen maisteri (2 v);Helsingin yliopisto;Kasvatustieteellinen tiedekunta;E
1.2.246.562.20.00000000000000056400;Varhaiskasvatuksen opettaja (opetus suomeksi), kasvatustieteen kandidaatti (3 v);Helsingin yliopisto;Kasvatustieteellinen tiedekunta;E
1.2.246.562.20.00000000000000056402;Yleinen ja aikuiskasvatustiede (opetus suomeksi), kasvatustieteen kandidaatti ja maisteri (3 v + 2 v);Helsingin yliopisto;Kasvatustieteellinen tiedekunta;E
1.2.246.562.20.00000000000000062303;Erityisluokanopettaja ja erityisopettaja, Joensuu, kasvatustieteen kandidaatti ja maisteri (3 v + 2 v);Itä-Suomen yliopisto;Filosofinen tiedekunta;E
1.2.246.562.20.00000000000000062308;Erityisopettaja, Joensuu, kasvatustieteen kandidaatti ja maisteri (3 v + 2 v);Itä-Suomen yliopisto;Filosofinen tiedekunta;E
1.2.246.562.20.00000000000000062332;Kasvatustiede ja aikuiskasvatustiede, Joensuu, kasvatustieteen kandidaatti ja maisteri (3 v + 2 v);Itä-Suomen yliopisto;Filosofinen tiedekunta;E
1.2.246.562.20.00000000000000062401;Kotitalousopettaja, Joensuu, kasvatustieteen kandidaatti ja maisteri (3 v + 2 v);Itä-Suomen yliopisto;Filosofinen tiedekunta;E
1.2.246.562.20.00000000000000062406;Käsityönopettaja, monimateriaalinen käsityö, Joensuu, kasvatustieteen kandidaatti ja maisteri (3 v + 2 v);Itä-Suomen yliopisto;Filosofinen tiedekunta;E
1.2.246.562.20.00000000000000062410;Luokanopettaja, Joensuu, kasvatustieteen kandidaatti ja maisteri (3 v + 2 v);Itä-Suomen yliopisto;Filosofinen tiedekunta;E
1.2.246.562.20.00000000000000062412;Opinto-ohjaaja ja uraohjaaja, Joensuu, kasvatustieteen kandidaatti ja maisteri (3 v + 2 v);Itä-Suomen yliopisto;Filosofinen tiedekunta;E
1.2.246.562.20.00000000000000062419;Varhaiskasvatuksen opettaja, Joensuu, kasvatustieteen kandidaatti (3 v);Itä-Suomen yliopisto;Filosofinen tiedekunta;E
1.2.246.562.20.00000000000000062417;Varhaiskasvatuksen opettaja, Joensuu, kasvatustieteen kandidaatti ja maisteri ( 3 v + 2 v);Itä-Suomen yliopisto;Filosofinen tiedekunta;E
1.2.246.562.20.00000000000000064728;Erityispedagogiikan kandidaatti- ja maisteriohjelma (erityisopettaja ja erityisluokanopettaja), kasvatustieteen kandidaatti ja maisteri (3 v + 2 v);Jyväskylän yliopisto;Kasvatustieteiden ja psykologian tiedekunta;E
1.2.246.562.20.00000000000000064741;Kasvatustieteen ja aikuiskasvatustieteen kandidaatti- ja maisteriohjelma, kasvatustieteen kandidaatti ja maisteri (3 v + 2 v);Jyväskylän yliopisto;Kasvatustieteiden ja psykologian tiedekunta;E
1.2.246.562.20.00000000000000064453;Luokanopettajan kandidaatti- ja maisteriohjelma, kasvatustieteen kandidaatti ja maisteri (3 v + 2 v);Jyväskylän yliopisto;Kasvatustieteiden ja psykologian tiedekunta;E
1.2.246.562.20.00000000000000064739;Varhaiskasvatuksen opettajan kandidaattiohjelma ja varhaiskasvatuksen maisteriohjelma, kasvatustieteen kandidaatti ja maisteri (3 v + 2 v);Jyväskylän yliopisto;Kasvatustieteiden ja psykologian tiedekunta;E
1.2.246.562.20.00000000000000064314;Liikuntapedagogiikan kandidaatti- ja maisteriohjelma, liikuntatieteiden kandidaatti ja maisteri (3 v + 2 v);Jyväskylän yliopisto;Liikuntatieteellinen tiedekunta;E
1.2.246.562.20.00000000000000064343;Erityisopettajan kandidaatti- ja maisteriohjelma, kasvatustieteen kandidaatti ja maisteri (3 v + 2 v), 2025;Lapin yliopisto;Kasvatustieteiden tiedekunta;E
1.2.246.562.20.00000000000000064333;Kasvatusalan kandidaatti- ja maisteriohjelma, kasvatustieteen kandidaatti ja maisteri (3 v + 2 v), 2025;Lapin yliopisto;Kasvatustieteiden tiedekunta;E
1.2.246.562.20.00000000000000064334;Kestävyyskasvatuksen kandidaatti- ja maisteriohjelma, kasvatustieteen kandidaatti ja maisteri (3 v + 2 v), 2025;Lapin yliopisto;Kasvatustieteiden tiedekunta;E
1.2.246.562.20.00000000000000064341;Luokanopettajan kandidaatti- ja maisteriohjelma, kasvatustieteen kandidaatti ja maisteri (3 v + 2 v), 2025;Lapin yliopisto;Kasvatustieteiden tiedekunta;E
1.2.246.562.20.00000000000000056056;Erityisopettaja ja erityisluokanopettaja, Erityispedagogiikan tutkinto-ohjelma, kasvatustieteen kandidaatti ja maisteri (3 v + 2 v);Oulun yliopisto;Kasvatustieteiden ja psykologian tiedekunta;E
1.2.246.562.20.00000000000000062597;Interkulttuurinen luokanopettaja, Interkulttuurinen luokanopettajan tutkinto-ohjelma, kasvatustieteen kandidaatti ja maisteri (3 v + 2 v);Oulun yliopisto;Kasvatustieteiden ja psykologian tiedekunta;E
1.2.246.562.20.00000000000000055892;Luokanopettaja, Luokanopettajan tutkinto-ohjelma, kasvatustieteen kandidaatti ja maisteri (3v+2v);Oulun yliopisto;Kasvatustieteiden ja psykologian tiedekunta;E
1.2.246.562.20.00000000000000055896;Musiikkikasvatus, Musiikkikasvatuksen tutkinto-ohjelma, kasvatustieteen kandidaatti ja maisteri (3 v + 2 v);Oulun yliopisto;Kasvatustieteiden ja psykologian tiedekunta;E
1.2.246.562.20.00000000000000055897;Oppimistieteet, Oppimistieteiden tutkinto-ohjelma, kasvatustieteen kandidaatti ja maisteri (3 v + 2 v);Oulun yliopisto;Kasvatustieteiden ja psykologian tiedekunta;E
1.2.246.562.20.00000000000000055898;Varhaiskasvatus, Varhaiskasvatuksen tutkinto-ohjelma, kasvatustieteen kandidaatti ja maisteri (3v+2v);Oulun yliopisto;Kasvatustieteiden ja psykologian tiedekunta;E
1.2.246.562.20.00000000000000056073;Yleinen kasvatustiede, Yleisen kasvatustieteen tutkinto-ohjelma, kasvatustieteen kandidaatti ja maisteri (3 v + 2 v);Oulun yliopisto;Kasvatustieteiden ja psykologian tiedekunta;E
1.2.246.562.20.00000000000000063313;Elinikäinen oppiminen ja kasvatus, Kasvatustieteiden koulutus, Kasvatustieteen kandidaatti ja maisteri (3 v + 2 v);Tampereen yliopisto;Kasvatustieteiden ja kulttuurin tiedekunta;E
1.2.246.562.20.00000000000000063315;Erityisopettaja, Kasvatustieteiden koulutus, Kasvatustieteen kandidaatti ja maisteri (3 v + 2 v);Tampereen yliopisto;Kasvatustieteiden ja kulttuurin tiedekunta;E
1.2.246.562.20.00000000000000063320;Luokanopettaja, Kasvatustieteiden koulutus, Kasvatustieteen kandidaatti ja maisteri (3 v + 2 v);Tampereen yliopisto;Kasvatustieteiden ja kulttuurin tiedekunta;E
1.2.246.562.20.00000000000000063321;Varhaiskasvatuksen opettaja, Kasvatustieteiden koulutus, Kasvatustieteen kandidaatti (3 v);Tampereen yliopisto;Kasvatustieteiden ja kulttuurin tiedekunta;E
1.2.246.562.20.00000000000000056824;Erityisopettajan tutkinto-ohjelma, Turku, kasvatustieteen kandidaatti ja kasvatustieteen maisteri (3 v + 2 v);Turun yliopisto;Kasvatustieteiden tiedekunta;E
1.2.246.562.20.00000000000000056825;Kasvatustieteiden tutkinto-ohjelma, Turku, kasvatustieteen kandidaatti ja kasvatustieteen maisteri (3 v + 2 v);Turun yliopisto;Kasvatustieteiden tiedekunta;E
1.2.246.562.20.00000000000000056828;Luokanopettajan tutkinto-ohjelma, Turku, kasvatustieteen kandidaatti ja kasvatustieteen maisteri (3 v + 2 v);Turun yliopisto;Kasvatustieteiden tiedekunta;E
1.2.246.562.20.00000000000000055092;Maisterihaku, kasvatustieteiden tutkinto-ohjelma, Turku, kasvatustieteen maisteri (2 v);Turun yliopisto;Kasvatustieteiden tiedekunta;E
1.2.246.562.20.00000000000000055097;Maisterihaku, luokanopettajan tutkinto-ohjelma, Turku, kasvatustieteen maisteri (2 v);Turun yliopisto;Kasvatustieteiden tiedekunta;E
1.2.246.562.20.00000000000000064222;Käsityön aineenopettajan tutkinto-ohjelma, Rauma, kasvatustieteen kandidaatti ja kasvatustieteen maisteri (3 v + 2 v);Turun yliopisto;Kasvatustieteiden tiedekunta;E
1.2.246.562.20.00000000000000056827;Luokanopettajan tutkinto-ohjelma, Rauma, kasvatustieteen kandidaatti ja kasvatustieteen maisteri (3 v + 2 v);Turun yliopisto;Kasvatustieteiden tiedekunta;E
1.2.246.562.20.00000000000000055094;Maisterihaku, kasvatustieteen (varhaiskasvatus) maisteriohjelma, Rauma, kasvatustieteen maisteri (2 v);Turun yliopisto;Kasvatustieteiden tiedekunta;E
1.2.246.562.20.00000000000000055096;Maisterihaku, luokanopettajan tutkinto-ohjelma, Rauma, kasvatustieteen maisteri (2 v);Turun yliopisto;Kasvatustieteiden tiedekunta;E
1.2.246.562.20.00000000000000056829;Varhaiskasvatuksen opettajan tutkinto-ohjelma, Rauma, kasvatustieteen kandidaatti (3 v);Turun yliopisto;Kasvatustieteiden tiedekunta;E
1.2.246.562.20.00000000000000059418;Varhaiskasvatuksen opettajan tutkinto-ohjelma, Rauma, kasvatustieteen kandidaatti ja maisteri (3 v + 2 v);Turun yliopisto;Kasvatustieteiden tiedekunta;E
1.2.246.562.20.00000000000000056189;Hushållsvetenskap: Utbildningsprogrammet för slöjdvetenskap och hushållsvetenskap (Vasa), pedagogie kandidat och pedagogie magister (3+2 år);Åbo Akademi;Fakulteten för pedagogik och välfärdsstudier;E
1.2.246.562.20.00000000000000056191;Slöjdvetenskap: Utbildningsprogrammet för slöjdvetenskap och hushållsvetenskap (Vasa), pedagogie kandidat och pedagogie magister (3+2 år);Åbo Akademi;Fakulteten för pedagogik och välfärdsstudier;E
1.2.246.562.20.00000000000000056192;Utbildningsprogrammet för klasslärare (Vasa), pedagogie kandidat och pedagogie magister (3+2 år);Åbo Akademi;Fakulteten för pedagogik och välfärdsstudier;E
1.2.246.562.20.00000000000000056193;Utbildningsprogrammet för lärare inom småbarnspedagogik (Vasa), pedagogie kandidat och pedagogie magister (3+2 år);Åbo Akademi;Fakulteten för pedagogik och välfärdsstudier;E
1.2.246.562.20.00000000000000056194;Utbildningsprogrammet för pedagogiskt ledarskap och utvecklingsarbete (Vasa), pedagogie kandidat och pedagogie magister (3+2 år);Åbo Akademi;Fakulteten för pedagogik och välfärdsstudier;E
1.2.246.562.20.00000000000000056195;Utbildningsprogrammet för speciallärare (Vasa), pedagogie kandidat och pedagogie magister (3+2 år);Åbo Akademi;Fakulteten för pedagogik och välfärdsstudier;E
1.2.246.562.20.00000000000000056065;Kauppatieteet, kauppatieteiden kandidaatti ja maisteri (3 v + 2 v) (Kauppatieteellisen alan yhteisvalinta);Aalto-yliopisto;Kauppakorkeakoulu;F
1.2.246.562.20.00000000000000056417;Ympäristö- ja elintarviketalouden kandiohjelma, maatalous- ja metsätieteiden kandidaatti ja maisteri tai elintarviketieteiden kandidaatti ja maisteri (3 v + 2 v);Helsingin yliopisto;Maatalous-metsätieteellinen tiedekunta;F
1.2.246.562.20.00000000000000056434;Taloustieteen kandiohjelma, valtiotieteiden kandidaatti ja maisteri (3 v + 2 v);Helsingin yliopisto;Valtiotieteellinen tiedekunta;F
1.2.246.562.20.00000000000000062564;Kauppatieteet, Joensuu, kauppatieteiden kandidaatti ja maisteri (3 v + 2 v) (Kauppatieteellisen alan yhteisvalinta);Itä-Suomen yliopisto;Yhteiskuntatieteiden ja kauppatieteiden tiedekunta;F
1.2.246.562.20.00000000000000062568;Liiketaloustiede ja tietojenkäsittelytiede, Joensuu, kauppatieteiden kandidaatti ja filosofian maisteri (3 v + 2 v);Itä-Suomen yliopisto;Yhteiskuntatieteiden ja kauppatieteiden tiedekunta;F
1.2.246.562.20.00000000000000062565;Kauppatieteet, Kuopio, kauppatieteiden kandidaatti ja maisteri (3 v + 2 v) (Kauppatieteellisen alan yhteisvalinta);Itä-Suomen yliopisto;Yhteiskuntatieteiden ja kauppatieteiden tiedekunta;F
1.2.246.562.20.00000000000000062569;Liiketaloustiede ja tietojenkäsittelytiede, Kuopio, kauppatieteiden kandidaatti ja filosofian maisteri (3 v + 2 v);Itä-Suomen yliopisto;Yhteiskuntatieteiden ja kauppatieteiden tiedekunta;F
1.2.246.562.20.00000000000000062706;Taloustiede, Kuopio, yhteiskuntatieteiden kandidaatti (3 v);Itä-Suomen yliopisto;Yhteiskuntatieteiden ja kauppatieteiden tiedekunta;F
1.2.246.562.20.00000000000000064112;Tietojärjestelmätieteen kandidaatti- ja maisteriohjelma, kauppatieteiden kandidaatti ja maisteri (3 v+ 2 v);Jyväskylän yliopisto;Informaatioteknologian tiedekunta;F
1.2.246.562.20.00000000000000063133;Kauppatieteiden kandidaatti- ja maisteriohjelma, kauppatieteiden kandidaatti ja maisteri (3 v + 2 v) (Kauppatieteellisen alan yhteisvalinta);Jyväskylän yliopisto;Jyväskylän yliopiston kauppakorkeakoulu (JSBE);F
1.2.246.562.20.00000000000000063134;Taloustieteen kandidaatti- ja maisteriohjelma, kauppatieteiden kandidaatti ja maisteri (3 v + 2 v) (Kauppatieteellisen alan yhteisvalinta);Jyväskylän yliopisto;Jyväskylän yliopiston kauppakorkeakoulu (JSBE);F
1.2.246.562.20.00000000000000064045;Kauppatieteet, kauppatieteiden kandidaatti ja maisteri, (3 v + 2 v), Kauppatieteellisen alan yhteisvalinta;Lappeenrannan-Lahden teknillinen yliopisto LUT;LUT-yliopisto;F
1.2.246.562.20.00000000000000056015;Kauppatieteet, kauppatieteiden kandidaatti ja maisteri (3v + 2v) (Kauppatieteellisen alan yhteisvalinta);Oulun yliopisto;Kauppakorkeakoulu;F
1.2.246.562.20.00000000000000061788;Ekonomi, ekonomie kandidat och ekonomie magister (3 år + 2 år), Helsingfors;Svenska handelshögskolan;Hanken Helsingfors;F
1.2.246.562.20.00000000000000063757;Ekonomi, ekonomie kandidat och ekonomie magister (3 år + 2 år), Vasa;Svenska handelshögskolan;Hanken Vasa;F
1.2.246.562.20.00000000000000063480;Kauppatieteiden koulutus (Kauppatieteellisen alan yhteisvalinta), Kauppatieteiden kandidaatti ja maisteri (3 v + 2 v);Tampereen yliopisto;Johtamisen ja talouden tiedekunta;F
1.2.246.562.20.00000000000000056834;Kauppatieteet, Turku, kauppatieteiden kandidaatti ja kauppatieteiden maisteri (3 v + 2 v), Kauppatieteellisen alan yhteisvalinta;Turun yliopisto;Turun kauppakorkeakoulu;F
1.2.246.562.20.00000000000000056687;Taloustiede, valtiotieteiden kandidaatti ja valtiotieteiden maisteri (3 v + 2 v);Turun yliopisto;Turun kauppakorkeakoulu;F
1.2.246.562.20.00000000000000056835;Kauppatieteet, Pori, kauppatieteiden kandidaatti ja kauppatieteiden maisteri (3 v + 2 v), Kauppatieteellisen alan yhteisvalinta;Turun yliopisto;Turun kauppakorkeakoulu;F
1.2.246.562.20.00000000000000064359;Kauppatieteet, kauppatieteiden kandidaatti ja maisteri (3 v + 2 v) (Kauppatieteellisen alan yhteisvalinta) 2025;Vaasan yliopisto;Kauppatieteellinen ala;F
1.2.246.562.20.00000000000000064240;Tuotantotalous ja tietojärjestelmätiede, kauppatieteiden kandidaatti ja maisteri (3 v + 2 v) 2025;Vaasan yliopisto;Tekniikan ja innovaatiojohtamisen yksikkö;F
1.2.246.562.20.00000000000000056202;Utbildningsprogrammet i ekonomi (Åbo), ekonomie kandidat och ekonomie magister (3+2 år);Åbo Akademi;Yhteiskuntatieteiden;F
1.2.246.562.20.00000000000000056428;Oikeusnotaarin koulutusohjelma (opetus Helsingissä suomeksi), oikeusnotaari ja oikeustieteen maisteri (3 v + 2 v);Helsingin yliopisto;Oikeustieteellinen tiedekunta;G
1.2.246.562.20.00000000000000056429;Utbildningsprogrammet för rättsnotarie (undervisning i Helsingfors på svenska), rättsnotarie och juris magister (3 år + 2 år);Helsingin yliopisto;Oikeustieteellinen tiedekunta;G
1.2.246.562.20.00000000000000056430;Oikeusnotaarin koulutusohjelma, opetus Vaasassa suomeksi ja ruotsiksi (suomen kielen taitoisille hakijoille), oikeusnotaari ja oikeustieteen maisteri (3 v + 2 v);Helsingin yliopisto;Oikeustieteellinen tiedekunta;G
1.2.246.562.20.00000000000000056431;Utbildningsprogrammet för rättsnotarie, undervisning i Vasa på svenska och finska (för sökande med kunskaper i svenska), rättsnotarie och juris magister (3 år + 2 år);Helsingin yliopisto;Oikeustieteellinen tiedekunta;G
1.2.246.562.20.00000000000000056436;Kandidatprogrammet i samhällsvetenskaper (avläggs på svenska), journalistik och kommunikation, rättsvetenskap, socialpsykologi, sociologi, statskunskap med förvaltning, politices kandidat (3 år + 2 år);Helsingin yliopisto;Svenska social- och kommunalhögskolan vid Helsingfors universitet;G
1.2.246.562.20.00000000000000056437;Socialt arbete, kandidatprogrammet i samhällsvetenskaper (avläggs på svenska), politices kandidat (3 år + 2 år);Helsingin yliopisto;Svenska social- och kommunalhögskolan vid Helsingfors universitet;G
1.2.246.562.20.00000000000000056433;Politiikan ja viestinnän kandiohjelma, valtiotieteiden kandidaatti ja maisteri (3 v + 2 v);Helsingin yliopisto;Valtiotieteellinen tiedekunta;G
1.2.246.562.20.00000000000000056438;Sosiaalipsykologia, sosiologia ja yhteiskuntapolitiikka, sosiaalitieteiden kandiohjelma, valtiotieteiden kandidaatti ja maisteri (3 v + 2 v);Helsingin yliopisto;Valtiotieteellinen tiedekunta;G
1.2.246.562.20.00000000000000056439;Sosiaalityö, sosiaalitieteiden kandiohjelma, valtiotieteiden kandidaatti ja maisteri (3 v + 2 v);Helsingin yliopisto;Valtiotieteellinen tiedekunta;G
1.2.246.562.20.00000000000000056435;Yhteiskunnallisen muutoksen kandiohjelma, valtiotieteiden kandidaatti ja maisteri (3 v + 2 v);Helsingin yliopisto;Valtiotieteellinen tiedekunta;G
1.2.246.562.20.00000000000000062624;Julkisoikeus, Joensuu, hallintotieteiden kandidaatti ja maisteri (3 v + 2 v);Itä-Suomen yliopisto;Yhteiskuntatieteiden ja kauppatieteiden tiedekunta;G
1.2.246.562.20.00000000000000062632;Oikeustiede, Joensuu, oikeusnotaari ja oikeustieteen maisteri (3 v + 2 v);Itä-Suomen yliopisto;Yhteiskuntatieteiden ja kauppatieteiden tiedekunta;G
1.2.246.562.20.00000000000000062750;Yhteiskuntatieteet (sosiaalipedagogiikka, sosiologia, yhteiskuntapolitiikka), Joensuu, yhteiskuntatieteiden kandidaatti ja maisteri (3 v + 2 v);Itä-Suomen yliopisto;Yhteiskuntatieteiden ja kauppatieteiden tiedekunta;G
1.2.246.562.20.00000000000000062764;Sosiaalipsykologia, Kuopio, yhteiskuntatieteiden kandidaatti  ja maisteri (3 v + 2 v);Itä-Suomen yliopisto;Yhteiskuntatieteiden ja kauppatieteiden tiedekunta;G
1.2.246.562.20.00000000000000062775;Sosiaalityö, Kuopio, yhteiskuntatieteiden kandidaatti ja maisteri (3 v + 2 v);Itä-Suomen yliopisto;Yhteiskuntatieteiden ja kauppatieteiden tiedekunta;G
1.2.246.562.20.00000000000000064807;Journalistiikan kandidaatti- ja maisteriohjelma, humanististen tieteiden kandidaatti ja filosofian maisteri (3 v + 2 v);Jyväskylän yliopisto;Humanistis-yhteiskuntatieteellinen tiedekunta;G
1.2.246.562.20.00000000000000064073;Sosiaalityön kandidaatti- ja maisteriohjelma, yhteiskuntatieteiden kandidaatti ja maisteri (3 v + 2 v);Jyväskylän yliopisto;Humanistis-yhteiskuntatieteellinen tiedekunta;G
1.2.246.562.20.00000000000000064076;Viestinnän kandidaatti- ja maisteriohjelma, humanististen tieteiden kandidaatti ja filosofian maisteri (3 v + 2 v);Jyväskylän yliopisto;Humanistis-yhteiskuntatieteellinen tiedekunta;G
1.2.246.562.20.00000000000000064794;Yhteiskuntatieteiden ja filosofian kandidaatti- ja maisteriohjelma, yhteiskuntatieteiden kandidaatti ja maisteri (3 v + 2 v);Jyväskylän yliopisto;Humanistis-yhteiskuntatieteellinen tiedekunta;G
1.2.246.562.20.00000000000000063092;Liikunnan yhteiskuntatieteiden kandidaatti- ja maisteriohjelma, liikuntatieteiden kandidaatti ja maisteri (3 v + 2 v);Jyväskylän yliopisto;Liikuntatieteellinen tiedekunta;G
1.2.246.562.20.00000000000000063402;Maisterihaku, liikunnan yhteiskuntatieteiden maisteriohjelma, liikuntatieteiden maisteri (2 v);Jyväskylän yliopisto;Liikuntatieteellinen tiedekunta;G
1.2.246.562.20.00000000000000064825;Oikeustiede, oikeusnotaari ja oikeustieteen maisteri (3 v + 2 v), Rovaniemi, 2025;Lapin yliopisto;Oikeustieteiden tiedekunta;G
1.2.246.562.20.00000000000000063873;Hallintotieteiden ja johtamisen tutkinto-ohjelma, hallintotieteiden tai yhteiskuntatieteiden kandidaatti ja hallintotieteiden tai yhteiskuntatieteiden maisteri (3 v + 2 v), 2025;Lapin yliopisto;Yhteiskuntatieteiden tiedekunta;G
1.2.246.562.20.00000000000000064231;Matkailututkimuksen tutkinto-ohjelma, yhteiskuntatieteiden kandidaatti ja maisteri (3 v + 2 v), 2025;Lapin yliopisto;Yhteiskuntatieteiden tiedekunta;G
1.2.246.562.20.00000000000000064236;Politiikkatieteiden ja sosiologian tutkinto-ohjelma, yhteiskuntatieteiden kandidaatti ja maisteri  (3 v + 2 v), 2025;Lapin yliopisto;Yhteiskuntatieteiden tiedekunta;G
1.2.246.562.20.00000000000000064243;Sosiaalityön tutkinto-ohjelma, yhteiskuntatieteiden kandidaatti ja maisteri (3 v + 2 v),  Rovaniemi, 2025;Lapin yliopisto;Yhteiskuntatieteiden tiedekunta;G
1.2.246.562.20.00000000000000062074;Viestintätieteet, yhteiskuntatieteiden kandidaatti ja maisteri (3 v + 2 v);Lappeenrannan-Lahden teknillinen yliopisto LUT;LUT-yliopisto;G
1.2.246.562.20.00000000000000056227;Yhteiskuntatieteet, yhteiskuntatieteiden kandidaatti ja maisteri (3 v + 2 v);Lappeenrannan-Lahden teknillinen yliopisto LUT;LUT-yliopisto;G
1.2.246.562.20.00000000000000056003;Informaatiotutkimus, Historia-, kulttuuri- ja viestintätieteiden tutkinto-ohjelma, humanististen tieteiden kandidaatti ja filosofian maisteri (3 v + 2 v);Oulun yliopisto;Humanistinen tiedekunta;G
1.2.246.562.20.00000000000000063271;Informaatiotutkimus, Viestinnän monitieteinen koulutus, Luonnontieteiden kandidaatti ja filosofian maisteri (3 v + 2 v);Tampereen yliopisto;Informaatioteknologian ja viestinnän tiedekunta;G
1.2.246.562.20.00000000000000063273;Journalistiikka, Viestinnän monitieteinen koulutus, Yhteiskuntatieteiden kandidaatti ja maisteri (3 v + 2 v);Tampereen yliopisto;Informaatioteknologian ja viestinnän tiedekunta;G
1.2.246.562.20.00000000000000063276;Mediatutkimus, Viestinnän monitieteinen koulutus, Yhteiskuntatieteiden kandidaatti ja maisteri (3 v + 2 v);Tampereen yliopisto;Informaatioteknologian ja viestinnän tiedekunta;G
1.2.246.562.20.00000000000000063275;Viestintä, Viestinnän monitieteinen koulutus, Humanististen tieteiden kandidaatti ja filosofian maisteri (3 v + 2 v);Tampereen yliopisto;Informaatioteknologian ja viestinnän tiedekunta;G
1.2.246.562.20.00000000000000063306;Hallintotieteiden koulutus, Hallintotieteiden kandidaatti ja maisteri (3 v + 2 v);Tampereen yliopisto;Johtamisen ja talouden tiedekunta;G
1.2.246.562.20.00000000000000063288;Politiikan tutkimuksen koulutus, Yhteiskuntatieteiden kandidaatti ja maisteri (3 v + 2 v);Tampereen yliopisto;Johtamisen ja talouden tiedekunta;G
1.2.246.562.20.00000000000000063527;Sosiaalityön koulutus, Yhteiskuntatieteiden kandidaatti ja maisteri (3 v + 2 v);Tampereen yliopisto;Yhteiskuntatieteiden tiedekunta;G
1.2.246.562.20.00000000000000056836;Oikeustiede, oikeusnotaari ja oikeustieteen maisteri (3 v + 2 v);Turun yliopisto;Oikeustieteellinen tiedekunta;G
1.2.246.562.20.00000000000000056882;Poliittinen historia ja valtio-oppi, valtiotieteiden kandidaatti ja valtiotieteiden maisteri (3 v + 2 v);Turun yliopisto;Yhteiskuntatieteellinen tiedekunta;G
1.2.246.562.20.00000000000000056883;Sosiaalitieteet, valtiotieteiden kandidaatti ja valtiotieteiden maisteri (3 v + 2 v);Turun yliopisto;Yhteiskuntatieteellinen tiedekunta;G
1.2.246.562.20.00000000000000056884;Sosiaalityö, valtiotieteiden kandidaatti ja valtiotieteiden maisteri (3 v + 2 v);Turun yliopisto;Yhteiskuntatieteellinen tiedekunta;G
1.2.246.562.20.00000000000000064443;Hallintotieteet, Hallintotieteiden kandidaatti ja maisteri (3 v + 2 v) 2025;Vaasan yliopisto;Johtamisen yksikkö;G
1.2.246.562.20.00000000000000064402;Viestintätieteiden kandidaattiohjelma, humanististen tieteiden kandidaatti ja filosofian maisteri (3 v + 2 v);Vaasan yliopisto;Markkinoinnin ja viestinnän yksikkö;G
1.2.246.562.20.00000000000000056197;Utbildningsprogrammet i socialvetenskaper (Vasa), politices kandidat och politices magister (3+2 år);Åbo Akademi;Fakulteten för pedagogik och välfärdsstudier;G
1.2.246.562.20.00000000000000056203;Utbildningsprogrammet i juridik, rättsnotarie och juris magister (3+2 år);Åbo Akademi;Yhteiskuntatieteiden;G
1.2.246.562.20.00000000000000056205;Utbildningsprogrammet i samhällsvetenskaper (Åbo), politices kandidat och politices magister (3+2 år);Åbo Akademi;Yhteiskuntatieteiden;G
1.2.246.562.20.00000000000000056204;Utbildningsprogrammet i samhällsvetenskaper (Vasa), politices kandidat och politices magister (3+2 år);Åbo Akademi;Yhteiskuntatieteiden;G
1.2.246.562.20.00000000000000056377;Filosofian kandiohjelma (opetus suomeksi), humanististen tieteiden tai valtiotieteiden kandidaatti ja filosofian tai valtiotieteiden maisteri (3 v + 2 v);Helsingin yliopisto;Humanistinen tiedekunta;H
1.2.246.562.20.00000000000000056379;Historian kandiohjelma (opetus suomeksi), humanististen tieteiden kandidaatti ja filosofian maisteri (3 v + 2 v);Helsingin yliopisto;Humanistinen tiedekunta;H
1.2.246.562.20.00000000000000056378;Kandidatprogrammet i filosofi (undervisning på svenska), kandidat i humanistiska vetenskaper och filosofie eller politices magister (3 år + 2 år);Helsingin yliopisto;Humanistinen tiedekunta;H
1.2.246.562.20.00000000000000056380;Kandidatprogrammet i historia (undervisning på svenska), kandidat i humanistiska vetenskaper och filosofie magister (3 år + 2 år);Helsingin yliopisto;Humanistinen tiedekunta;H
1.2.246.562.20.00000000000000056393;Kulttuurien tutkimuksen kandiohjelma, humanististen tieteiden kandidaatti ja filosofian maisteri (3 v + 2 v);Helsingin yliopisto;Humanistinen tiedekunta;H
1.2.246.562.20.00000000000000056394;Taiteiden tutkimuksen kandiohjelma, humanististen tieteiden kandidaatti ja filosofian maisteri (3 v + 2 v);Helsingin yliopisto;Humanistinen tiedekunta;H
1.2.246.562.20.00000000000000056432;Teologian ja uskonnontutkimuksen kandiohjelma, teologian kandidaatti ja maisteri (3 v + 2 v);Helsingin yliopisto;Teologinen tiedekunta;H
1.2.246.562.20.00000000000000062152;Kulttuurintutkimus, Joensuu, humanististen tieteiden kandidaatti ja filosofian maisteri (3 v + 2 v);Itä-Suomen yliopisto;Filosofinen tiedekunta;H
1.2.246.562.20.00000000000000062468;Läntinen teologia, opetusala, Joensuu, teologian kandidaatti ja maisteri (3 v + 2 v);Itä-Suomen yliopisto;Filosofinen tiedekunta;H
1.2.246.562.20.00000000000000062467;Läntinen teologia, teologi, Joensuu, teologian kandidaatti ja maisteri (3 v + 2 v);Itä-Suomen yliopisto;Filosofinen tiedekunta;H
1.2.246.562.20.00000000000000062481;Ortodoksinen teologia, kirkkomusiikki, Joensuu, teologian kandidaatti ja maisteri (3 v + 2 v);Itä-Suomen yliopisto;Filosofinen tiedekunta;H
1.2.246.562.20.00000000000000062480;Ortodoksinen teologia, opetusala, Joensuu, teologian kandidaatti ja maisteri (3 v + 2 v);Itä-Suomen yliopisto;Filosofinen tiedekunta;H
1.2.246.562.20.00000000000000062475;Ortodoksinen teologia, teologi, Joensuu, teologian kandidaatti ja maisteri (3 v + 2 v);Itä-Suomen yliopisto;Filosofinen tiedekunta;H
1.2.246.562.20.00000000000000062493;Historia, Joensuu, humanististen tieteiden kandidaatti ja filosofian maisteri (3 v + 2 v);Itä-Suomen yliopisto;Yhteiskuntatieteiden ja kauppatieteiden tiedekunta;H
1.2.246.562.20.00000000000000064004;Historian kandidaatti- ja maisteriohjelma, humanististen tieteiden kandidaatti ja filosofian maisteri (3 v + 2 v);Jyväskylän yliopisto;Humanistis-yhteiskuntatieteellinen tiedekunta;H
1.2.246.562.20.00000000000000064026;Kulttuurit ja yhteisöt muuttuvassa maailmassa -kandidaatti- ja maisteriohjelma, humanististen tieteiden kandidaatti ja filosofian maisteri (3 v + 2 v);Jyväskylän yliopisto;Humanistis-yhteiskuntatieteellinen tiedekunta;H
1.2.246.562.20.00000000000000064062;Musiikkitieteen kandidaatti- ja maisteriohjelma, humanististen tieteiden kandidaatti ja filosofian maisteri (3 v + 2 v);Jyväskylän yliopisto;Humanistis-yhteiskuntatieteellinen tiedekunta;H
1.2.246.562.20.00000000000000064075;Taidehistorian ja taidekasvatuksen kandidaatti- ja maisteriohjelma, humanististen tieteiden kandidaatti ja filosofian maisteri (3 v + 2 v);Jyväskylän yliopisto;Humanistis-yhteiskuntatieteellinen tiedekunta;H
1.2.246.562.20.00000000000000055862;Historia ja tieteiden ja aatteiden historia, Historia-, kulttuuri- ja viestintätieteiden tutkinto-ohjelma, humanististen tieteiden kandidaatti ja filosofian maisteri (3 v + 2 v);Oulun yliopisto;Humanistinen tiedekunta;H
1.2.246.562.20.00000000000000055864;Kulttuuriantropologia ja arkeologia, Historia-, kulttuuri- ja viestintätieteiden tutkinto-ohjelma, humanististen tieteiden kandidaatti ja filosofian maisteri (3 v + 2 v);Oulun yliopisto;Humanistinen tiedekunta;H
1.2.246.562.20.00000000000000063850;Saamelainen kulttuuri, Historia-, kulttuuri- ja viestintätieteiden tutkinto-ohjelma, humanististen tieteiden kandidaatti ja filosofian maisteri (3 v + 2 v);Oulun yliopisto;Humanistinen tiedekunta;H
1.2.246.562.20.00000000000000063283;Filosofian koulutus, Humanististen tieteiden kandidaatti ja filosofian maisteri (3 v + 2 v);Tampereen yliopisto;Yhteiskuntatieteiden tiedekunta;H
1.2.246.562.20.00000000000000063149;Historian koulutus, Humanististen tieteiden kandidaatti ja filosofian maisteri (3 v + 2 v);Tampereen yliopisto;Yhteiskuntatieteiden tiedekunta;H
1.2.246.562.20.00000000000000056804;Historian ja arkeologian tutkinto-ohjelma, humanististen tieteiden kandidaatti ja filosofian maisteri (3 v + 2 v);Turun yliopisto;Humanistinen tiedekunta;H
1.2.246.562.20.00000000000000055822;Kulttuurien tutkimuksen tutkinto-ohjelma, humanististen tieteiden kandidaatti ja filosofian maisteri (3 v + 2 v);Turun yliopisto;Humanistinen tiedekunta;H
1.2.246.562.20.00000000000000055823;Median, musiikin ja taiteen tutkimuksen tutkinto-ohjelma, humanististen tieteiden kandidaatti ja filosofian maisteri (3 v + 2 v);Turun yliopisto;Humanistinen tiedekunta;H
1.2.246.562.20.00000000000000055811;Digitaalisen kulttuurin, maiseman ja kulttuuriperinnön tutkinto-ohjelma, Pori, humanististen tieteiden kandidaatti ja filosofian maisteri (3 v + 2 v);Turun yliopisto;Humanistinen tiedekunta;H
1.2.246.562.20.00000000000000056879;Filosofia, valtiotieteiden kandidaatti ja valtiotieteiden maisteri (3 v +2 v);Turun yliopisto;Yhteiskuntatieteellinen tiedekunta;H
1.2.246.562.20.00000000000000056142;Utbildningsprogrammet i kultur, historia och filosofi, kandidat i humanistiska vetenskaper och filosofie magister (3+2 år);Åbo Akademi;Fakulteten för humaniora;H
1.2.246.562.20.00000000000000056145;Utbildningsprogrammet i teologi, teologie kandidat och magister (3+2 år);Åbo Akademi;Fakulteten för humaniora;H
1.2.246.562.20.00000000000000056381;Englanti, kielten kandiohjelma, humanististen tieteiden kandidaatti ja filosofian maisteri (3 v + 2 v);Helsingin yliopisto;Humanistinen tiedekunta;I
1.2.246.562.20.00000000000000056382;Espanja, kielten kandiohjelma, humanististen tieteiden kandidaatti ja filosofian maisteri (3 v + 2 v);Helsingin yliopisto;Humanistinen tiedekunta;I
1.2.246.562.20.00000000000000056383;Italia, kielten kandiohjelma, humanististen tieteiden kandidaatti ja filosofian maisteri (3 v + 2 v);Helsingin yliopisto;Humanistinen tiedekunta;I
1.2.246.562.20.00000000000000056384;Maailman kielet ja kielitieteet, kielten kandiohjelma, humanististen tieteiden kandidaatti ja filosofian maisteri (3 v + 2 v);Helsingin yliopisto;Humanistinen tiedekunta;I
1.2.246.562.20.00000000000000056390;Nordiska språk (svenska som modersmål) och nordisk litteratur, kandidatprogrammet i finskugriska och nordiska språk och litteraturer, kandidat i humanistiska vetenskaper och filosofie magister (3 år + 2 år);Helsingin yliopisto;Humanistinen tiedekunta;I
1.2.246.562.20.00000000000000056389;Pohjoismaiset kielet (ruotsi toisena kotimaisena kielenä), kotimaisten kielten ja kirjallisuuksien kandiohjelma, humanististen tieteiden kandidaatti ja filosofian maisteri (3 v + 2 v);Helsingin yliopisto;Humanistinen tiedekunta;I
1.2.246.562.20.00000000000000056385;Ranska, kielten kandiohjelma, humanististen tieteiden kandidaatti ja filosofian maisteri (3 v + 2 v);Helsingin yliopisto;Humanistinen tiedekunta;I
1.2.246.562.20.00000000000000056386;Saksa, kielten kandiohjelma, humanististen tieteiden kandidaatti ja filosofian maisteri (3 v + 2 v);Helsingin yliopisto;Humanistinen tiedekunta;I
1.2.246.562.20.00000000000000056392;Suomen kieli ja kulttuuri (hakijan ensikieli muu kuin suomi), kotimaisten kielten ja kirjallisuuksien kandiohjelma, humanististen tieteiden kandidaatti ja filosofian maisteri (3 v + 2 v);Helsingin yliopisto;Humanistinen tiedekunta;I
1.2.246.562.20.00000000000000056391;Suomen kieli ja suomalais-ugrilaiset kielet ja kulttuurit sekä kotimainen kirjallisuus, kotimaisten kielten ja kirjallisuuksien kandiohjelma, humanististen tieteiden kandidaatti ja filosofian maisteri (3 v + 2 v);Helsingin yliopisto;Humanistinen tiedekunta;I
1.2.246.562.20.00000000000000056387;Venäjä vieraana kielenä, kielten kandiohjelma, humanististen tieteiden kandidaatti ja filosofian maisteri (3 v + 2 v);Helsingin yliopisto;Humanistinen tiedekunta;I
1.2.246.562.20.00000000000000056388;Venäjä äidinkielenä, kielten kandiohjelma, humanististen tieteiden kandidaatti ja filosofian maisteri (3 v + 2 v);Helsingin yliopisto;Humanistinen tiedekunta;I
1.2.246.562.20.00000000000000062141;Englannin kieli, kulttuuri ja kääntäminen, Joensuu, humanististen tieteiden kandidaatti ja filosofian maisteri (3 v + 2 v);Itä-Suomen yliopisto;Filosofinen tiedekunta;I
1.2.246.562.20.00000000000000062229;Ruotsin kieli, Joensuu, humanististen tieteiden kandidaatti ja filosofian maisteri (3 v + 2 v);Itä-Suomen yliopisto;Filosofinen tiedekunta;I
1.2.246.562.20.00000000000000062249;Suomen kieli ja kirjallisuus, Joensuu, humanististen tieteiden kandidaatti ja filosofian maisteri (3 v + 2 v);Itä-Suomen yliopisto;Filosofinen tiedekunta;I
1.2.246.562.20.00000000000000062262;Venäjän kieli, Joensuu, humanististen tieteiden kandidaatti ja filosofian maisteri (3 v + 2 v);Itä-Suomen yliopisto;Filosofinen tiedekunta;I
1.2.246.562.20.00000000000000064021;Kieliasiantuntijan kandidaatti- ja maisteriohjelma, humanististen tieteiden kandidaatti ja filosofian maisteri (3 v + 2 v);Jyväskylän yliopisto;Humanistis-yhteiskuntatieteellinen tiedekunta;I
1.2.246.562.20.00000000000000064083;Kielitietoisuutta ja monikielisyyttä tukevan opettajankoulutuksen kandidaatti- ja maisteriohjelma, humanististen tieteiden kandidaatti ja filosofian maisteri (3 v + 2 v);Jyväskylän yliopisto;Humanistis-yhteiskuntatieteellinen tiedekunta;I
1.2.246.562.20.00000000000000064024;Kielten aineenopettajan kandidaatti- ja maisteriohjelma, humanististen tieteiden kandidaatti ja filosofian maisteri (3 v + 2 v);Jyväskylän yliopisto;Humanistis-yhteiskuntatieteellinen tiedekunta;I
1.2.246.562.20.00000000000000064025;Kirjallisuuden kandidaatti- ja maisteriohjelma, humanististen tieteiden kandidaatti ja filosofian maisteri (3 v + 2 v);Jyväskylän yliopisto;Humanistis-yhteiskuntatieteellinen tiedekunta;I
1.2.246.562.20.00000000000000064071;Suomen kielen ja kirjallisuuden aineenopettajan kandidaatti- ja maisteriohjelma, humanististen tieteiden kandidaatti ja filosofian maisteri (3 v + 2 v);Jyväskylän yliopisto;Humanistis-yhteiskuntatieteellinen tiedekunta;I
1.2.246.562.20.00000000000000055866;Englannin kieli, Kielten ja kirjallisuuden tutkinto-ohjelma, humanististen tieteiden kandidaatti ja filosofian maisteri (3 v + 2 v);Oulun yliopisto;Humanistinen tiedekunta;I
1.2.246.562.20.00000000000000063847;Inarinsaame, Kielten ja kirjallisuuden tutkinto-ohjelma, humanististen tieteiden kandidaatti ja filosofian maisteri (3 v + 2 v) ;Oulun yliopisto;Humanistinen tiedekunta;I
1.2.246.562.20.00000000000000063848;Koltansaame, Kielten ja kirjallisuuden tutkinto-ohjelma, humanististen tieteiden kandidaatti ja filosofian maisteri (3 v + 2 v) ;Oulun yliopisto;Humanistinen tiedekunta;I
1.2.246.562.20.00000000000000063849;Pohjoissaame, Kielten ja kirjallisuuden tutkinto-ohjelma, humanististen tieteiden kandidaatti ja filosofian maisteri (3 v + 2 v) ;Oulun yliopisto;Humanistinen tiedekunta;I
1.2.246.562.20.00000000000000055867;Ruotsin kieli, Kielten ja kirjallisuuden tutkinto-ohjelma, humanististen tieteiden kandidaatti ja filosofian maisteri (3 v + 2 v);Oulun yliopisto;Humanistinen tiedekunta;I
1.2.246.562.20.00000000000000055871;Saksan kieli ja kulttuuri, Kielten ja kirjallisuuden tutkinto-ohjelma, humanististen tieteiden kandidaatti ja filosofian maisteri (3 v + 2 v);Oulun yliopisto;Humanistinen tiedekunta;I
1.2.246.562.20.00000000000000055872;Suomen kieli ja kirjallisuudentutkimus, Kielten ja kirjallisuuden tutkinto-ohjelma, humanististen tieteiden kandidaatti ja filosofian maisteri (3 v + 2 v);Oulun yliopisto;Humanistinen tiedekunta;I
1.2.246.562.20.00000000000000062859;Englanti, Kielten koulutus, Humanististen tieteiden kandidaatti ja filosofian maisteri (3 v + 2 v);Tampereen yliopisto;Informaatioteknologian ja viestinnän tiedekunta;I
1.2.246.562.20.00000000000000063277;Pohjoismaiset kielet, Kielten koulutus, Humanististen tieteiden kandidaatti ja filosofian maisteri (3 v + 2 v);Tampereen yliopisto;Informaatioteknologian ja viestinnän tiedekunta;I
1.2.246.562.20.00000000000000063278;Saksa, Kielten koulutus, Humanististen tieteiden kandidaatti ja filosofian maisteri (3 v + 2 v);Tampereen yliopisto;Informaatioteknologian ja viestinnän tiedekunta;I
1.2.246.562.20.00000000000000063279;Suomen kieli, Kielten koulutus, Humanististen tieteiden kandidaatti ja filosofian maisteri (3 v + 2 v);Tampereen yliopisto;Informaatioteknologian ja viestinnän tiedekunta;I
1.2.246.562.20.00000000000000063281;Venäjä, Kielten koulutus, Humanististen tieteiden kandidaatti ja filosofian maisteri (3 v + 2 v);Tampereen yliopisto;Informaatioteknologian ja viestinnän tiedekunta;I
1.2.246.562.20.00000000000000063286;Kirjallisuustieteen koulutus, Humanististen tieteiden kandidaatti ja filosofian maisteri (3 v + 2 v);Tampereen yliopisto;Yhteiskuntatieteiden tiedekunta;I
1.2.246.562.20.00000000000000055812;Englannin kieli, kielten tutkinto-ohjelma, humanististen tieteiden kandidaatti ja filosofian maisteri (3 v + 2 v);Turun yliopisto;Humanistinen tiedekunta;I
1.2.246.562.20.00000000000000055813;Espanja, kielten tutkinto-ohjelma, humanististen tieteiden kandidaatti ja filosofian maisteri (3 v + 2 v);Turun yliopisto;Humanistinen tiedekunta;I
1.2.246.562.20.00000000000000055814;Italia, kielten tutkinto-ohjelma, humanististen tieteiden kandidaatti ja filosofian maisteri (3 v + 2 v);Turun yliopisto;Humanistinen tiedekunta;I
1.2.246.562.20.00000000000000055815;Kiinan kieli, kielten tutkinto-ohjelma, humanististen tieteiden kandidaatti ja filosofian maisteri (3 v + 2 v);Turun yliopisto;Humanistinen tiedekunta;I
1.2.246.562.20.00000000000000055821;Kirjallisuustieteiden tutkinto-ohjelma, humanististen tieteiden kandidaatti ja filosofian maisteri (3 v + 2 v);Turun yliopisto;Humanistinen tiedekunta;I
1.2.246.562.20.00000000000000055817;Pohjoismaiset kielet, kielten tutkinto-ohjelma, humanististen tieteiden kandidaatti ja filosofian maisteri (3 v + 2 v);Turun yliopisto;Humanistinen tiedekunta;I
1.2.246.562.20.00000000000000055818;Ranska, kielten tutkinto-ohjelma, humanististen tieteiden kandidaatti ja filosofian maisteri (3 v + 2 v);Turun yliopisto;Humanistinen tiedekunta;I
1.2.246.562.20.00000000000000055819;Saksan kieli, kielten tutkinto-ohjelma, humanististen tieteiden kandidaatti ja filosofian maisteri (3 v + 2 v);Turun yliopisto;Humanistinen tiedekunta;I
1.2.246.562.20.00000000000000055820;Suomen kieli ja suomalais-ugrilainen kielentutkimus, kielten tutkinto-ohjelma, humanististen tieteiden kandidaatti ja filosofian maisteri (3 v + 2 v);Turun yliopisto;Humanistinen tiedekunta;I
1.2.246.562.20.00000000000000056134;Engelska språket och litteraturen, utbildningsprogrammet i språk, kandidat i humanistiska vetenskaper och filosofie magister (3+2 år);Åbo Akademi;Fakulteten för humaniora;I
1.2.246.562.20.00000000000000056135;Finska språket, utbildningsprogrammet i språk, kandidat i humanistiska vetenskaper och filosofie magister (3+2 år);Åbo Akademi;Fakulteten för humaniora;I
1.2.246.562.20.00000000000000056136;Franska språket och litteraturen, utbildningsprogrammet i språk, kandidat i humanistiska vetenskaper och filosofie magister (3+2 år);Åbo Akademi;Fakulteten för humaniora;I
1.2.246.562.20.00000000000000056140;Ryska språket och litteraturen, utbildningsprogrammet i språk, kandidat i humanistiska vetenskaper och filosofie magister (3+2 år);Åbo Akademi;Fakulteten för humaniora;I
1.2.246.562.20.00000000000000056139;Svenska språket, utbildningsprogrammet i språk, kandidat i humanistiska vetenskaper och filosofie magister (3+2 år);Åbo Akademi;Fakulteten för humaniora;I
1.2.246.562.20.00000000000000056141;Tyska språket och litteraturen, utbildningsprogrammet i språk, kandidat i humanistiska vetenskaper och filosofie magister (3+2 år);Åbo Akademi;Fakulteten för humaniora;I
